X;color;size;popularity
1;b;13;1.0785088
2;r;11;1.3956245
3;r;15;0.9217988
4;r;14;1.2025453
5;r;13;1.0838662
6;b;11;0.8043527
7;r;9;1.1035440
8;g;12;0.8746332
9;b;7;0.6947058
10;b;12;0.8832502