X;color;size;popularity
1;g;7;0.9733920
2;g;8;0.9122529
3;y;10;1.4217153
4;g;12;1.1905828
5;g;6;0.9866464
6;y;8;1.3697515
7;b;12;1.0959387
8;g;12;0.9161547
9;g;12;1.0000460
10;r;8;1.3137360